<?xml version="1.0"?>
<!DOCTYPE hibernate-mapping PUBLIC
"-//Hibernate/Hibernate Mapping DTD 3.0//EN"
"http://hibernate.sourceforge.net/hibernate-mapping-3.0.dtd">

<hibernate-mapping>
<class name="com.hibernate.shiva.Employeepojo" table="Employeetest">

<id name="EmployeeID" column="EmployeeID"  >
<generator class="increment" />
</id>

<property name="EmployeeName" column="EmployeeName" />
<property name="Salary" column="Salary"/>
<property name="DOJ" column="DOJ" />

<union-subclass name="com.hibernate.shiva.Regular_Employee">
<property name="qplc" column="qplc" />
</union-subclass>

<union-subclass name="com.hibernate.shiva.Contract_Employee">
<property name="allowance" column="allowance" />
</union-subclass>

</class>
</hibernate-mapping>