<?xml version="1.0"?>
<!DOCTYPE hibernate-mapping PUBLIC
"-//Hibernate/Hibernate Mapping DTD 3.0//EN"
"http://hibernate.sourceforge.net/hibernate-mapping-3.0.dtd">

<hibernate-mapping>
<class name="com.hibernate.shiva.Employeepojo" table="Employee_ABC_LTD">

<id name="Empcode" column="Empcode"  >
<generator class="sequence">
<param name="sequence">ABCLTD_TEST</param>
</generator>
</id>

<property name="EmpName" column="EmpName" />
<property name="EmpDesignation" column="EmpDesignation"/>
<property name="EmpDOB" column="EmpDOB" />
<property name="EmpDOJ" column="EmpDOJ" />
<property name="EmpAge" column="EmpAge"/>
<property name="EmpSalary" column="EmpSalary" />

</class>
</hibernate-mapping>