<?xml version='1.0' encoding='UTF-8'?>
<!DOCTYPE hibernate-configuration PUBLIC
"-//Hibernate/Hibernate Configuration DTD 3.0//EN"
"http://hibernate.sourceforge.net/hibernate-configuration-3.0.dtd">

<hibernate-configuration>
<session-factory>

<!-- Related to the connection START -->
<property name="connection.driver_class">oracle.jdbc.driver.OracleDriver
</property>
<property name="connection.url">jdbc:oracle:thin:@182.95.249.8:2008:savdev12</property>
<property name="connection.user">PF_UAT_EGMONTGA_APP</property>
<property name="connection.password">password</property>
<!-- Related to the connection END -->

<!-- Related to hibernate properties START -->
<property name="show_sql">true </property>
<property name="dialet">org.hibernate.dialect.OracleDialect </property>
<property name="hbm2ddl.auto">update </property>
<!-- Related to hibernate properties END -->

<!-- Related to mapping START -->
<mapping resource="Employee.hbm.xml" />
 <!-- Related to the mapping END -->



</session-factory>
</hibernate-configuration>